{"mean_bias": {"Buoy A01": {"COAWST_USGS": 0.60925342151953743, "NECOFS_GOM3_FVCOM": 1.258501929205817, "HYCOM": 0.7935724712553478, "NECOFS_FVCOM": 2.6786698386782692}, "Boston 16 Nm East Of Boston": {"COAWST_USGS": 0.82257992104638977, "NECOFS_GOM3_FVCOM": 0.6963291081515226, "HYCOM": 0.65722411019461491, "NECOFS_FVCOM": 1.0966844024658202}, "Boston, MA": {"COAWST_USGS": 1.021364505935765, "NECOFS_GOM3_FVCOM": 1.4770069809647295, "HYCOM": NaN, "NECOFS_FVCOM": 1.8507139947679307}}, "r2": {"Buoy A01": {"COAWST_USGS": -0.028432991040926003, "NECOFS_GOM3_FVCOM": 0.12356612030133229, "HYCOM": -0.79833614441790335, "NECOFS_FVCOM": -2.6272575461848375}, "Boston 16 Nm East Of Boston": {"COAWST_USGS": 0.1664158243925532, "NECOFS_GOM3_FVCOM": 0.33923357980753188, "HYCOM": 0.29179554350242165, "NECOFS_FVCOM": -0.10258556324566137}, "Boston, MA": {"COAWST_USGS": -0.067298436700637954, "NECOFS_GOM3_FVCOM": 0.068552930742658447, "HYCOM": NaN, "NECOFS_FVCOM": 0.01218749329701807}}, "rmse": {"Buoy A01": {"COAWST_USGS": 0.61973474140174789, "NECOFS_GOM3_FVCOM": 0.54778414449457269, "HYCOM": 0.68706114624733661, "NECOFS_FVCOM": 1.1835552834825547}, "Boston 16 Nm East Of Boston": {"COAWST_USGS": 0.88950629605617915, "NECOFS_GOM3_FVCOM": 0.79843961098858895, "HYCOM": 0.66534503371106812, "NECOFS_FVCOM": 1.0802231275842855}, "Boston, MA": {"COAWST_USGS": 0.9389446495342193, "NECOFS_GOM3_FVCOM": 0.77444817989237769, "HYCOM": NaN, "NECOFS_FVCOM": 0.81074025869212729}}}