{"r2": {"Boston, MA": {"HYCOM": NaN, "NECOFS_FVCOM": -0.0037121295144959543, "NECOFS_GOM3_FVCOM": -0.45158898936891334}, "Boston 16 Nm East Of Boston": {"HYCOM": -0.3204861881547223, "NECOFS_FVCOM": 0.1737306365618304, "NECOFS_GOM3_FVCOM": -0.05517666901061813}, "Buoy A01": {"HYCOM": 0.7818708200852413, "NECOFS_FVCOM": 0.14239200832017718, "NECOFS_GOM3_FVCOM": 0.41809715038970674}}, "rmse": {"Boston, MA": {"HYCOM": NaN, "NECOFS_FVCOM": 0.749124229674865, "NECOFS_GOM3_FVCOM": 0.9008885983875902}, "Boston 16 Nm East Of Boston": {"HYCOM": 1.1400264204080592, "NECOFS_FVCOM": 0.7413476640935491, "NECOFS_GOM3_FVCOM": 0.837767846933359}, "Buoy A01": {"HYCOM": 0.7575987142480338, "NECOFS_FVCOM": 1.4329080575475515, "NECOFS_GOM3_FVCOM": 1.1803183448568741}}, "mean_bias": {"Boston, MA": {"HYCOM": NaN, "NECOFS_FVCOM": 2.8851987589960513, "NECOFS_GOM3_FVCOM": 1.869508287181025}, "Boston 16 Nm East Of Boston": {"HYCOM": 1.5603853861490886, "NECOFS_FVCOM": 8.424474695226648, "NECOFS_GOM3_FVCOM": 0.7065801934881525}, "Buoy A01": {"HYCOM": 0.9611130820380317, "NECOFS_FVCOM": 10.263047166492628, "NECOFS_GOM3_FVCOM": 0.9652999795001486}}}